HUFL,HULL,MUFL,MULL,LUFL,LULL,avg_load_roll_mean,avg_load_roll_std,transformer_id,date,OT,high_risk,zone_id,facility_type,criticality_tier,latitude,longitude,fault_type,recommendation,urgency
15.270999908447266,4.0859999656677255,11.477999687194824,3.0199999809265137,3.2290000915527344,0.6700000166893005,6.371722203161983,0.6141635505246363,T1,2018-02-01 02:15:00,3.236000061035156,0,Z2,Hospital,Critical,51.342417,-0.162917,,,
10.984999656677246,3.884999990463257,8.208999633789062,2.700999975204468,2.6800000667572017,1.156999945640564,5.327111045519511,0.5450283586604643,T1,2016-07-22 08:30:00,37.84700012207031,1,Z2,Hospital,Critical,51.342417,-0.162917,General Thermal Stress,Reading is flagged high-risk but no single signal is sharply abnormal relative to this transformer's own history. Schedule routine oil sampling (DGA) and thermal imaging; monitor closely over the next cycle.,URGENT - schedule inspection within 24 hours
61.90499877929688,22.36599922180176,60.60800170898438,18.709999084472656,0.0,0.0,27.28155542082257,0.4416825511817874,T2,2016-07-28 15:45:00,56.68000030517578,1,Z5,Industrial,High,52.039466,-0.521677,Sustained Overload,"Sustained high average loading is the likely driver. Inspect cooling system (fans, radiators, oil pumps); check oil quality for thermal degradation (consider DGA test); evaluate load redistribution or capacity upgrade.",Schedule inspection within 3 days
57.71599960327149,20.1879997253418,56.50699996948242,17.208999633789062,0.0,0.0,23.50058347317908,1.532398142318327,T2,2016-07-26 09:15:00,46.79199981689453,1,Z5,Industrial,High,52.039466,-0.521677,Load Volatility / Fluctuating Demand,"Sustained oil-temperature risk driven by unstable, fluctuating load rather than high average load. Inspect tap-changer operation and voltage regulation; investigate source of intermittent large loads or faulty control gear.",Schedule inspection within 3 days
5.894000053405763,0.2680000066757202,3.4470000267028813,0.1420000046491623,2.315000057220459,-0.4569999873638153,2.5785833361248174,0.4742845409896652,T1,2016-11-01 09:15:00,10.621999740600586,0,Z2,Hospital,Critical,51.342417,-0.162917,,,
46.99399948120117,14.072999954223633,53.04899978637695,12.84000015258789,-5.0219998359680185,0.0,19.355055610338848,0.952684611051594,T2,2017-07-15 20:00:00,47.01150131225586,1,Z5,Industrial,High,52.039466,-0.521677,General Thermal Stress,Reading is flagged high-risk but no single signal is sharply abnormal relative to this transformer's own history. Schedule routine oil sampling (DGA) and thermal imaging; monitor closely over the next cycle.,Schedule inspection within 3 days
0.0,0.0,88.2979965209961,8.496999740600586,-12.45199966430664,-2.5910000801086426,15.727138307359482,3.2561080474046475,T2,2017-05-27 11:30:00,30.53199958801269,0,Z5,Industrial,High,52.039466,-0.521677,,,
6.429999828338622,2.344000101089477,4.868000030517578,2.700999975204468,1.9800000190734863,-0.5479999780654907,2.8213333239158,0.1139648956187941,T1,2016-11-13 13:45:00,19.97900009155273,0,Z2,Hospital,Critical,51.342417,-0.162917,,,
56.87799835205078,19.350000381469727,55.27299880981445,16.216999053955078,1.2150000333786009,0.0,23.71863894992405,1.1501384693907024,T2,2016-07-22 14:45:00,54.92200088500977,1,Z5,Industrial,High,52.039466,-0.521677,General Thermal Stress,Reading is flagged high-risk but no single signal is sharply abnormal relative to this transformer's own history. Schedule routine oil sampling (DGA) and thermal imaging; monitor closely over the next cycle.,Schedule inspection within 3 days
11.31999969482422,3.2149999141693115,8.173000335693361,1.919000029563904,3.2290000915527344,1.156999945640564,5.106055551105077,0.3996681897622729,T1,2017-11-03 07:00:00,10.973999977111816,0,Z2,Hospital,Critical,51.342417,-0.162917,,,
7.568999767303468,0.6029999852180481,4.441999912261963,-0.6039999723434448,3.015000104904175,1.187999963760376,2.548805547257265,0.5162970977521875,T1,2017-10-27 17:30:00,11.607000350952148,0,Z2,Hospital,Critical,51.342417,-0.162917,,,
-3.41599988937378,5.223999977111816,-9.559000015258787,2.736000061035156,5.940000057220459,1.6749999523162842,0.562000009748672,0.3316496454400253,T1,2017-07-22 11:45:00,23.49600028991699,0,Z2,Hospital,Critical,51.342417,-0.162917,,,
16.343000411987305,4.622000217437744,10.553999900817873,2.025000095367432,5.513000011444092,1.6749999523162842,6.891805526283053,0.2974542189445032,T1,2016-07-24 04:30:00,37.49499893188477,1,Z2,Hospital,Critical,51.342417,-0.162917,General Thermal Stress,Reading is flagged high-risk but no single signal is sharply abnormal relative to this transformer's own history. Schedule routine oil sampling (DGA) and thermal imaging; monitor closely over the next cycle.,URGENT - schedule inspection within 24 hours
5.090000152587892,-0.6029999852180481,2.630000114440918,-1.8480000495910645,2.6800000667572017,0.7009999752044678,-0.1026944319407137,0.9529914548281478,T1,2017-03-03 16:30:00,13.647000312805176,0,Z2,Hospital,Critical,51.342417,-0.162917,,,
6.564000129699707,-1.9420000314712524,4.0869998931884775,-2.8429999351501465,2.8329999446868896,0.4869999885559082,1.717416654030483,0.1791134637038936,T1,2017-08-14 18:30:00,11.255999565124512,0,Z2,Hospital,Critical,51.342417,-0.162917,,,
44.64799880981445,16.250999450683597,43.82699966430664,14.072999954223633,0.0,0.0,19.61311112509833,0.6231920008536206,T2,2017-03-16 04:30:00,17.714500427246094,0,Z5,Industrial,High,52.039466,-0.521677,,,
27.81100082397461,6.198999881744385,40.12799835205078,7.585999965667725,-12.463000297546388,-2.5480000972747803,12.144611120224,1.2209908910650362,T2,2018-06-17 12:45:00,43.61800003051758,1,Z5,Industrial,High,52.039466,-0.521677,HV/LV Side Imbalance,Unusual imbalance between high-voltage and low-voltage side loading. Inspect winding insulation and bushings on the more heavily loaded side; check for tap-changer misalignment or an unbalanced connected load.,Schedule inspection within 3 days
10.91800022125244,3.549999952316284,9.026000022888184,2.309999942779541,2.131999969482422,0.8830000162124634,4.098527787460221,0.4904927343397182,T1,2016-07-11 23:00:00,33.062999725341804,1,Z2,Hospital,Critical,51.342417,-0.162917,General Thermal Stress,Reading is flagged high-risk but no single signal is sharply abnormal relative to this transformer's own history. Schedule routine oil sampling (DGA) and thermal imaging; monitor closely over the next cycle.,URGENT - schedule inspection within 24 hours
57.29700088500977,18.26099967956543,54.71099853515625,14.58199977874756,2.463000059127808,0.0,23.18336101373037,0.9120425106771186,T2,2016-07-24 18:15:00,52.50500106811523,1,Z5,Industrial,High,52.039466,-0.521677,General Thermal Stress,Reading is flagged high-risk but no single signal is sharply abnormal relative to this transformer's own history. Schedule routine oil sampling (DGA) and thermal imaging; monitor closely over the next cycle.,Schedule inspection within 3 days
50.59600067138672,16.419000625610348,45.8380012512207,12.383999824523926,4.6479997634887695,1.22599995136261,21.621861292256245,0.8919302291721987,T2,2017-01-09 00:00:00,13.760000228881836,0,Z5,Industrial,High,52.039466,-0.521677,,,
39.45500183105469,0.0,50.20700073242188,3.61899995803833,-10.70400047302246,-2.611999988555908,14.211916777822706,0.6332100995533014,T2,2017-12-18 15:15:00,18.66699981689453,0,Z5,Industrial,High,52.039466,-0.521677,,,
12.79300022125244,4.3540000915527335,8.421999931335451,2.41599988937378,4.630000114440918,1.065999984741211,4.91133334570461,0.7865053677895715,T1,2018-05-18 23:15:00,8.090000152587889,0,Z2,Hospital,Critical,51.342417,-0.162917,,,
41.2140007019043,0.0,47.01699829101562,0.0,-5.427000045776367,-1.2690000534057615,14.102000001404022,0.4380313814924848,T2,2017-12-29 22:15:00,18.227500915527344,0,Z5,Industrial,High,52.039466,-0.521677,,,
18.084999084472656,4.822999954223633,12.152999877929688,2.559000015258789,6.456999778747559,1.6139999628067017,7.572083327505324,0.1586485952023425,T1,2016-08-14 21:45:00,32.21900177001953,1,Z2,Hospital,Critical,51.342417,-0.162917,Sustained Overload,"Sustained high average loading is the likely driver. Inspect cooling system (fans, radiators, oil pumps); check oil quality for thermal degradation (consider DGA test); evaluate load redistribution or capacity upgrade.",URGENT - schedule inspection within 24 hours
49.17200088500977,16.334999084472653,45.67699813842773,13.29599952697754,2.430999994277954,0.0,22.14916651778751,0.6384853445263277,T2,2016-08-06 19:00:00,45.35200119018555,1,Z5,Industrial,High,52.039466,-0.521677,General Thermal Stress,Reading is flagged high-risk but no single signal is sharply abnormal relative to this transformer's own history. Schedule routine oil sampling (DGA) and thermal imaging; monitor closely over the next cycle.,Schedule inspection within 3 days
15.605999946594238,4.956999778747559,10.732000350952148,3.0199999809265137,5.421999931335449,1.187999963760376,6.89938897225592,0.3853262518587856,T1,2017-12-27 06:30:00,1.9700000286102293,0,Z2,Hospital,Critical,51.342417,-0.162917,,,
50.76300048828125,15.916000366210938,53.88000106811523,13.644000053405762,-3.6679999828338623,0.0,18.812777724530964,2.000038457258816,T2,2017-07-13 20:15:00,44.81449890136719,1,Z5,Industrial,High,52.039466,-0.521677,Load Volatility / Fluctuating Demand,"Sustained oil-temperature risk driven by unstable, fluctuating load rather than high average load. Inspect tap-changer operation and voltage regulation; investigate source of intermittent large loads or faulty control gear.",Schedule inspection within 3 days
18.26099967956543,-4.188000202178955,25.92099952697754,-2.0639998912811284,-7.7189998626708975,-3.1559998989105225,4.0706667105356855,0.2777142126138693,T2,2017-12-12 15:45:00,18.44750022888184,0,Z5,Industrial,High,52.039466,-0.521677,,,
40.54399871826172,12.64900016784668,48.67900085449219,12.545000076293944,-8.220000267028809,-1.2690000534057615,18.739944358666737,0.9082995993175972,T2,2017-07-20 00:00:00,43.71599960327149,1,Z5,Industrial,High,52.039466,-0.521677,General Thermal Stress,Reading is flagged high-risk but no single signal is sharply abnormal relative to this transformer's own history. Schedule routine oil sampling (DGA) and thermal imaging; monitor closely over the next cycle.,Schedule inspection within 3 days
41.632999420166016,11.5600004196167,39.77999877929688,10.024999618530272,2.1640000343322754,0.0,16.285138779216343,1.0293213198599436,T2,2017-01-25 08:45:00,11.781999588012695,0,Z5,Industrial,High,52.039466,-0.521677,,,
12.524999618530272,2.5450000762939453,9.23900032043457,0.9589999914169312,2.8940000534057617,0.6399999856948853,4.288944467074343,0.2642343823090123,T1,2018-02-10 06:30:00,2.532000064849853,0,Z2,Hospital,Critical,51.342417,-0.162917,,,
8.104999542236326,4.554999828338623,5.507999897003174,2.984999895095825,2.5280001163482666,1.218000054359436,5.248472203811011,1.1959691028872783,T1,2018-06-23 08:45:00,6.752999782562256,0,Z2,Hospital,Critical,51.342417,-0.162917,,,
57.63199996948242,20.1879997253418,55.29999923706055,16.511999130249027,2.440999984741211,0.0,25.565833263927036,0.5871420180863893,T2,2016-08-13 18:45:00,49.74599838256836,1,Z5,Industrial,High,52.039466,-0.521677,General Thermal Stress,Reading is flagged high-risk but no single signal is sharply abnormal relative to this transformer's own history. Schedule routine oil sampling (DGA) and thermal imaging; monitor closely over the next cycle.,Schedule inspection within 3 days
11.38700008392334,2.2100000381469727,8.635000228881836,0.6399999856948853,2.86299991607666,1.2489999532699585,3.718861126444408,0.5147920989926,T1,2018-05-06 08:00:00,12.029000282287598,0,Z2,Hospital,Critical,51.342417,-0.162917,,,
-1.0720000267028809,3.0810000896453857,-4.513000011444092,1.5279999971389768,3.0460000038146973,1.4010000228881836,2.0618333150115293,1.27260199505741,T1,2017-04-13 08:30:00,13.99899959564209,0,Z2,Hospital,Critical,51.342417,-0.162917,,,
27.559999465942383,0.0,40.69100189208984,5.629000186920166,-11.74899959564209,-2.96399998664856,9.91425014866723,0.9145491294780432,T2,2018-03-17 10:45:00,18.66699981689453,0,Z5,Industrial,High,52.039466,-0.521677,,,
38.86800003051758,8.461000442504883,41.22700119018555,8.791999816894531,-2.5799999237060547,-1.2790000438690186,17.067166742351322,1.332642331953295,T2,2017-08-27 14:45:00,48.33000183105469,1,Z5,Industrial,High,52.039466,-0.521677,General Thermal Stress,Reading is flagged high-risk but no single signal is sharply abnormal relative to this transformer's own history. Schedule routine oil sampling (DGA) and thermal imaging; monitor closely over the next cycle.,Schedule inspection within 3 days
59.97800064086914,22.70100021362305,57.79299926757813,18.441999435424805,2.6440000534057617,0.0,25.13119440277417,1.3511771206884633,T2,2016-08-18 16:30:00,53.26150131225586,1,Z5,Industrial,High,52.039466,-0.521677,Load Volatility / Fluctuating Demand,"Sustained oil-temperature risk driven by unstable, fluctuating load rather than high average load. Inspect tap-changer operation and voltage regulation; investigate source of intermittent large loads or faulty control gear.",Schedule inspection within 3 days
29.40299987792969,7.539000034332275,41.38800048828125,8.925999641418457,-12.229000091552734,-2.174999952316284,11.913166681925455,0.7534516259137196,T2,2018-04-26 17:15:00,35.12200164794922,0,Z5,Industrial,High,52.039466,-0.521677,,,
38.86800003051758,7.454999923706055,39.94100189208984,7.479000091552732,0.0,-1.2150000333786009,15.522722515794966,0.2307463146399085,T2,2017-08-24 12:00:00,48.33000183105469,1,Z5,Industrial,High,52.039466,-0.521677,General Thermal Stress,Reading is flagged high-risk but no single signal is sharply abnormal relative to this transformer's own history. Schedule routine oil sampling (DGA) and thermal imaging; monitor closely over the next cycle.,Schedule inspection within 3 days
46.99399948120117,15.748000144958494,44.44400024414063,12.894000053405762,2.664999961853028,0.0,21.28038872612847,0.4584441190985918,T2,2016-08-27 22:30:00,35.24399948120117,0,Z5,Industrial,High,52.039466,-0.521677,,,
-13.79800033569336,3.282000064849853,-15.635000228881836,1.4919999837875366,2.2839999198913574,1.097000002861023,-3.745472225877972,0.2035853863524621,T1,2017-05-17 13:15:00,19.20499992370605,0,Z2,Hospital,Critical,51.342417,-0.162917,,,
38.86800003051758,11.140999794006348,36.1609992980957,8.765000343322754,2.5910000801086426,0.0,16.20283316903644,0.5069071408348136,T2,2016-09-15 06:00:00,29.5310001373291,0,Z5,Industrial,High,52.039466,-0.521677,,,
32.75299835205078,10.470999717712402,42.43399810791016,12.25,-10.3100004196167,-3.240999937057495,13.32733314567142,0.6330896267290476,T2,2017-06-16 13:15:00,43.05649948120117,1,Z5,Industrial,High,52.039466,-0.521677,General Thermal Stress,Reading is flagged high-risk but no single signal is sharply abnormal relative to this transformer's own history. Schedule routine oil sampling (DGA) and thermal imaging; monitor closely over the next cycle.,Schedule inspection within 3 days
34.512001037597656,0.0,44.84600067138672,2.1440000534057617,-9.274999618530272,-1.63100004196167,11.433277858628166,0.2774299424006697,T2,2018-01-18 01:15:00,10.756999969482422,0,Z5,Industrial,High,52.039466,-0.521677,,,
31.58099937438965,7.789999961853027,42.59400177001953,10.024999618530272,-10.788999557495115,-2.3350000381469727,11.47433352470398,1.2554929164687616,T2,2017-06-08 10:45:00,40.63949966430664,0,Z5,Industrial,High,52.039466,-0.521677,,,
58.72100067138672,20.020999908447266,57.36399841308594,16.620000839233402,1.2150000333786009,0.0,26.74408354361852,0.9476728583293924,T2,2016-07-29 14:45:00,55.36100006103516,1,Z5,Industrial,High,52.039466,-0.521677,Sustained Overload,"Sustained high average loading is the likely driver. Inspect cooling system (fans, radiators, oil pumps); check oil quality for thermal degradation (consider DGA test); evaluate load redistribution or capacity upgrade.",Schedule inspection within 3 days
49.00400161743164,0.0,55.11299896240234,1.4210000038146973,-6.749000072479247,-1.6740000247955322,16.032555477486714,0.1132292895766378,T2,2017-12-19 18:15:00,14.711999893188477,0,Z5,Industrial,High,52.039466,-0.521677,,,
6.497000217437744,2.477999925613404,4.406000137329102,0.8880000114440918,2.253999948501587,1.097000002861023,2.936666707197825,0.0,T1,2017-05-31 19:00:00,20.96299934387207,0,Z2,Hospital,Critical,51.342417,-0.162917,,,
42.21900177001953,11.895000457763672,39.64599990844727,9.248000144958496,2.96399998664856,0.0,17.585861086845398,0.0901217192814968,T2,2016-09-27 12:45:00,43.15449905395508,1,Z5,Industrial,High,52.039466,-0.521677,General Thermal Stress,Reading is flagged high-risk but no single signal is sharply abnormal relative to this transformer's own history. Schedule routine oil sampling (DGA) and thermal imaging; monitor closely over the next cycle.,Schedule inspection within 3 days
